start_time,end_time,temperature,humidity,wind_speed,precipitation,route_length,average_speed,ave_fuel_cons_per_100km,speedometer,season
2021-01-10 15:35:29,10.01.2021 20:12:30,0.55,88.0,5.050000000000001,0.0,356.2,77.2,24.7,156286,4
2021-01-10 20:55:29,10.01.2021 23:21:31,-0.5,93.0,10.8,0.0,202.9,83.4,25.1,156489,4
2021-01-13 10:26:54,13.01.2021 14:22:29,-0.1,84.5,18.5,0.05,301.9,76.9,22.2,157258,4
2021-01-13 15:04:58,13.01.2021 16:57:08,-1.05,87.0,12.2,0.0,109.8,58.7,24.1,157368,4
2021-01-14 01:54:27,14.01.2021 06:22:25,-2.8,93.5,6.65,0.2,366.6,82.1,25.4,157736,4
2021-01-15 14:00:36,15.01.2021 18:31:38,-4.15,79.5,16.35,0.0,267.8,59.3,21.5,158761,4
2021-01-18 05:14:13,18.01.2021 09:54:22,-18.85,83.5,5.9,0.0,331.8,71.1,27.3,159097,4
2021-01-18 15:03:47,18.01.2021 16:52:41,-2.0,90.0,7.1,0.1,134.6,74.2,23.0,159494,4
2021-01-19 14:50:16,19.01.2021 17:01:26,2.9000000000000004,87.5,27.3,0.4499999999999999,142.0,65.0,25.7,160197,4
2021-01-21 08:32:37,21.01.2021 10:21:55,0.1,91.0,16.45,0.0,107.9,59.2,24.6,161270,4
2021-01-24 17:06:11,24.01.2021 19:09:43,0.5,95.5,8.350000000000001,0.0,179.1,87.0,23.7,161641,4
2021-01-24 19:52:48,24.01.2021 22:25:22,-0.05,98.0,6.6,0.25,209.0,82.2,25.1,161850,4
2021-01-25 13:48:58,25.01.2021 17:13:53,2.1,80.0,9.0,0.05,249.8,73.1,23.2,162225,4
2021-01-26 02:06:26,26.01.2021 06:33:39,-0.25,86.5,15.3,0.0,377.9,84.9,26.2,162603,4
2021-01-27 02:01:35,27.01.2021 06:32:29,-0.6,91.0,10.3,0.0,389.0,86.2,25.7,163148,4
2021-01-27 07:16:37,27.01.2021 11:36:02,-0.1,86.5,13.0,0.0,366.5,84.8,23.5,163514,4
2021-01-28 03:37:38,28.01.2021 05:51:49,-4.1,89.0,10.25,0.0,164.3,73.5,25.6,163917,4
2021-01-28 06:44:20,28.01.2021 08:29:26,-4.35,89.5,12.05,0.0,121.0,69.1,23.6,164038,4
2021-01-28 12:09:15,28.01.2021 14:28:02,0.8,72.0,15.45,0.0,157.1,67.9,29.3,164232,4
2021-02-01 10:42:42,01.02.2021 14:19:02,-6.15,68.5,11.25,0.0,310.8,86.2,22.2,164902,4
2021-02-01 15:01:21,01.02.2021 17:13:23,-1.0,70.5,10.8,0.0,167.9,76.3,25.6,165070,4
2021-02-02 02:11:30,02.02.2021 06:39:12,1.35,96.5,10.65,0.0,380.2,85.2,28.5,165450,4
2021-02-02 08:48:24,02.02.2021 10:34:14,2.8,97.0,9.6,0.0,122.0,69.2,25.8,165611,4
2021-02-02 13:41:47,02.02.2021 15:13:05,4.449999999999999,95.5,9.6,0.4,116.6,76.6,24.9,165831,4
2021-02-03 03:13:21,03.02.2021 07:43:56,9.45,93.5,16.15,0.05,388.0,86.0,24.7,166219,4
2021-02-03 08:28:01,03.02.2021 10:35:16,7.6,92.5,12.65,0.65,181.4,85.5,22.3,166400,4
2021-02-03 11:18:59,03.02.2021 13:27:56,7.0,86.5,15.95,0.0,174.6,81.2,26.6,166575,4
2021-02-04 12:47:40,04.02.2021 15:56:08,2.9,84.0,18.45,0.0,181.6,57.8,27.8,166843,4
2021-02-04 16:38:22,04.02.2021 19:35:39,-0.95,80.5,14.05,0.0,202.4,68.5,26.4,167045,4
2021-02-08 12:18:21,08.02.2021 16:25:42,-8.7,84.5,20.950000000000003,0.7,225.6,54.7,29.0,167537,4
2021-02-08 17:04:44,08.02.2021 18:52:04,-8.7,85.0,15.85,0.1,118.8,66.4,25.3,167655,4
2021-02-10 11:42:06,10.02.2021 16:12:12,-9.45,70.5,10.2,0.1,275.1,61.1,24.0,169013,4
2021-02-11 03:04:59,11.02.2021 07:57:47,-7.1,86.5,7.0,0.0,377.6,77.4,21.1,169390,4
2021-02-11 09:53:28,11.02.2021 13:31:53,-11.2,81.0,13.6,0.0,307.0,84.3,23.8,169743,4
2021-02-12 09:27:50,12.02.2021 10:56:46,-12.05,72.0,21.95,0.0,106.0,71.5,24.5,170093,4
2021-02-14 15:17:12,14.02.2021 19:10:17,-4.45,82.5,19.0,0.0,293.3,75.5,28.3,170394,4
2021-02-16 16:35:22,16.02.2021 20:10:45,7.75,81.0,8.95,0.0,285.1,79.4,26.8,171911,4
2021-02-17 04:56:55,17.02.2021 09:38:46,2.55,92.5,12.85,0.0,376.6,80.2,26.0,172288,4
2021-02-18 02:25:28,18.02.2021 04:59:20,-4.050000000000001,93.5,6.85,0.0,101.8,39.7,26.5,172702,4
2021-02-22 04:01:43,22.02.2021 07:45:37,-1.45,94.0,10.1,0.0,294.9,79.0,23.4,173001,4
2021-02-22 12:30:31,22.02.2021 14:18:20,9.2,73.0,9.4,0.0,134.3,74.7,21.2,173415,4
2021-02-23 13:13:02,23.02.2021 15:56:29,17.45,59.5,13.3,0.0,213.3,78.3,20.6,174172,4
2021-02-24 03:00:00,24.02.2021 07:13:29,5.75,90.0,9.0,0.0,344.0,81.4,20.2,174516,4
2021-02-24 10:55:52,24.02.2021 12:30:30,10.8,80.5,10.0,0.0,136.9,86.8,19.7,174903,4
2021-02-24 13:53:59,24.02.2021 15:31:04,10.55,81.5,11.7,0.0,125.8,77.7,19.5,175045,4
2021-02-25 03:39:37,25.02.2021 06:34:21,2.6500000000000004,94.0,10.6,0.0,148.9,51.1,23.8,175194,4
2021-03-01 05:18:00,01.03.2021 09:41:49,0.9,98.0,8.2,0.0,331.7,75.4,25.3,175932,4
2021-03-01 10:24:40,01.03.2021 13:20:23,3.95,87.75,7.550000000000001,0.0,243.6,83.2,25.7,176176,4
2021-03-01 14:02:47,01.03.2021 16:50:52,9.4,63.0,8.0,0.0,229.1,81.8,22.0,176405,4
2021-03-02 02:06:52,02.03.2021 06:24:59,0.6,91.0,9.6,0.0,365.4,84.9,23.7,176771,4
2021-03-03 03:20:16,03.03.2021 07:49:29,2.8,94.0,1.5,0.0,388.8,86.7,22.4,177269,4
2021-03-03 08:33:41,03.03.2021 12:52:08,2.75,94.0,5.1,0.0,364.3,84.6,22.0,177634,4
2021-03-04 11:25:31,04.03.2021 15:13:07,6.25,80.5,19.95,0.0,229.8,60.6,24.6,178048,4
2021-03-08 04:22:07,08.03.2021 08:36:04,-1.85,92.0,8.75,0.0,332.0,78.4,27.6,178455,4
2021-03-08 09:24:18,08.03.2021 12:16:15,1.8,67.0,9.6,0.0,243.8,85.1,27.5,178698,4
2021-03-08 13:00:17,08.03.2021 15:06:29,4.75,43.5,8.0,0.0,134.7,64.0,25.2,178833,4
2021-03-09 12:43:40,09.03.2021 15:17:54,4.65,71.5,6.6000000000000005,0.25,192.8,75.0,22.8,179545,4
2021-03-10 02:06:47,10.03.2021 06:56:41,-0.8999999999999999,86.0,6.5,0.0,370.4,76.7,21.3,179916,4
2021-03-10 08:24:43,10.03.2021 11:49:06,0.75,62.0,5.15,0.0,292.5,85.9,22.2,180208,4
2021-03-10 12:32:50,10.03.2021 14:25:24,4.15,41.0,9.2,0.0,157.0,83.7,20.1,180365,4
2021-03-15 08:55:47,15.03.2021 12:25:13,3.6,81.0,13.8,0.0,293.0,83.9,23.4,181222,4
2021-03-15 13:11:58,15.03.2021 17:42:04,7.1,72.0,18.75,0.1,350.0,77.7,27.6,181572,4
2021-03-16 03:45:00,16.03.2021 06:37:36,3.4000000000000004,90.0,16.45,0.05,222.5,77.3,31.0,181795,4
2021-03-17 03:43:10,17.03.2021 08:12:45,2.1,95.0,7.9,0.0,388.4,86.4,23.0,182597,4
2021-03-17 08:52:22,17.03.2021 12:24:16,2.75,87.5,9.3,0.1,264.6,74.9,22.1,182862,4
2021-03-17 13:28:54,17.03.2021 14:41:43,4.699999999999999,70.0,9.8,0.0,100.3,82.6,22.9,182962,4
2021-03-23 00:59:49,23.03.2021 05:39:54,3.0,92.5,6.75,0.0,392.7,84.1,22.3,184461,1
2021-03-24 08:10:57,24.03.2021 12:02:19,5.5,80.0,6.8500000000000005,0.0,329.1,85.3,24.6,185496,1
2021-03-24 12:46:38,24.03.2021 14:56:32,8.45,65.0,10.3,0.0,175.5,81.1,27.1,185672,1
2021-03-25 01:49:43,25.03.2021 06:10:32,1.5,94.5,6.550000000000001,0.0,315.4,72.6,33.4,185987,1
2021-03-28 04:51:12,28.03.2021 09:23:04,2.0,90.0,15.35,0.0,366.7,80.9,27.4,186532,1
2021-03-28 12:31:20,28.03.2021 14:43:08,11.2,48.5,18.85,0.0,184.5,84.0,24.1,186909,1
2021-03-28 23:55:40,29.03.2021 04:19:35,6.4,77.0,7.8,0.0,379.5,86.3,23.7,187289,1
2021-03-29 05:02:20,29.03.2021 07:18:33,5.15,78.0,13.05,0.0,145.4,64.0,24.4,187434,1
2021-03-29 10:51:49,29.03.2021 13:33:01,14.1,52.0,18.0,0.0,196.6,73.2,24.9,187658,1
2021-03-30 03:50:39,30.03.2021 08:24:37,3.25,87.0,7.15,0.0,389.2,85.2,25.3,188047,1
2021-03-30 09:05:03,30.03.2021 11:43:06,14.6,53.5,8.5,0.0,216.1,82.0,22.4,188263,1
2021-03-31 03:07:54,31.03.2021 04:34:47,5.300000000000001,87.0,7.35,0.0,123.5,85.3,20.6,188398,1
2021-04-06 04:00:05,06.04.2021 08:00:58,-0.6499999999999999,82.0,18.95,0.0,285.6,71.1,27.1,189094,1
2021-04-06 08:44:25,06.04.2021 13:02:53,1.45,62.5,22.05,0.0,323.6,75.1,24.4,189418,1
2021-04-06 14:28:10,06.04.2021 15:54:37,3.75,62.5,20.25,0.2,107.5,74.6,24.2,189543,1
2021-04-07 00:54:57,07.04.2021 05:33:35,-0.9,80.5,13.75,0.05,387.2,83.4,24.9,189930,1
2021-04-08 02:55:56,08.04.2021 07:10:24,-0.4,87.5,12.0,0.0,347.1,81.8,29.1,190637,1
2021-04-08 07:54:21,08.04.2021 11:56:24,1.4,81.0,18.0,0.15,350.5,86.9,25.1,190988,1
2021-04-09 02:56:56,09.04.2021 06:12:32,-1.5,80.5,11.55,0.0,219.6,67.4,29.6,191245,1
2021-04-12 04:09:03,12.04.2021 08:04:58,7.85,73.0,11.85,0.0,285.3,72.6,26.1,191821,1
2021-04-12 13:11:14,12.04.2021 16:35:44,4.6,77.5,16.25,0.2,265.9,78.0,24.6,192294,1
2021-04-13 02:05:39,13.04.2021 06:20:01,-0.3,87.5,9.8,0.0,362.0,85.4,27.1,192656,1
2021-04-14 02:06:55,14.04.2021 06:48:24,0.25,85.5,7.0,0.0,404.7,86.3,24.5,193300,1
2021-04-14 07:35:57,14.04.2021 10:51:49,2.1,86.5,18.0,0.15,262.5,80.4,21.3,193562,1
2021-04-15 13:35:16,15.04.2021 15:21:33,6.4,72.5,7.949999999999999,0.0,136.8,77.2,23.0,194175,1
2021-04-19 14:57:06,19.04.2021 16:24:13,14.05,62.0,10.5,0.0,100.7,69.4,20.9,194853,1
2021-04-20 04:28:35,20.04.2021 06:20:31,3.3,96.5,6.6,0.0,138.6,74.3,22.0,194992,1
2021-04-21 07:26:51,21.04.2021 11:31:31,9.6,83.0,3.8,0.0,302.7,74.2,30.9,195656,1
2021-04-21 12:16:33,21.04.2021 16:35:06,15.5,51.5,11.05,0.0,363.2,84.3,23.8,196020,1
2021-04-22 10:51:14,22.04.2021 13:36:27,8.95,59.0,16.3,0.05,155.7,56.5,24.7,196587,1
2021-04-25 16:31:35,25.04.2021 20:55:38,7.55,44.0,14.35,0.05,334.3,76.0,26.6,196925,1
2021-04-25 21:39:37,25.04.2021 23:29:29,2.95,68.75,7.5,0.0,155.8,85.1,22.1,197081,1
2021-04-27 02:01:13,27.04.2021 06:13:35,5.4,54.0,12.5,0.0,360.4,85.7,26.1,197908,1
2021-04-27 13:05:16,27.04.2021 15:31:11,12.7,39.5,11.35,0.0,184.0,75.7,21.5,198301,1
2021-04-28 10:57:31,28.04.2021 15:03:10,14.4,54.5,6.4,0.0,335.4,81.9,24.7,198798,1
2021-04-28 15:47:26,28.04.2021 18:18:11,19.1,36.5,10.05,0.0,171.3,68.2,23.4,198969,1
2021-05-04 05:33:40,04.05.2021 07:55:36,4.5,74.5,15.7,0.0,174.9,73.9,25.2,199949,1
2021-05-04 09:03:22,04.05.2021 13:24:51,11.9,61.0,24.6,0.0,378.3,86.8,24.8,200341,1
2021-05-05 00:41:23,05.05.2021 05:03:11,6.7,80.5,16.200000000000003,0.0,366.8,84.1,26.3,200819,1
2021-05-05 12:56:30,05.05.2021 14:45:36,9.95,58.0,26.700000000000003,0.5,128.3,70.6,22.2,201193,1
2021-05-06 02:10:58,06.05.2021 06:11:14,5.3,88.0,12.8,0.0,349.2,87.2,22.3,201542,1
2021-05-06 06:54:46,06.05.2021 09:32:50,6.0,76.5,17.1,0.0,213.9,81.2,20.6,201756,1
2021-05-10 04:15:38,10.05.2021 08:31:13,9.95,60.0,17.95,0.0,296.3,69.6,26.8,202662,1
2021-05-10 09:17:31,10.05.2021 12:27:10,19.4,48.0,22.9,0.0,264.5,83.7,22.7,202927,1
2021-05-12 06:50:54,12.05.2021 11:27:44,12.35,95.0,12.75,0.35,367.9,79.7,27.5,204113,1
2021-05-13 04:30:08,13.05.2021 05:40:27,11.75,74.0,13.35,0.0,100.3,85.6,22.4,204692,1
2021-05-16 06:15:24,16.05.2021 10:46:31,13.0,86.5,10.95,0.0,366.1,81.0,22.8,205333,1
2021-05-16 11:31:16,16.05.2021 13:53:28,15.55,72.0,9.9,0.25,192.9,81.4,23.1,205526,1
2021-05-16 14:38:50,16.05.2021 17:12:53,16.2,64.0,12.0,0.0,147.2,57.3,22.1,205674,1
2021-05-17 07:04:30,17.05.2021 10:18:33,10.6,87.0,19.450000000000003,0.1,261.0,80.7,22.4,206297,1
2021-05-18 14:25:43,18.05.2021 17:59:51,13.3,75.5,14.75,0.55,282.0,79.0,28.7,207080,1
2021-05-19 02:57:43,19.05.2021 07:09:21,7.6,91.0,8.1,0.0,348.2,83.0,24.1,207428,1
2021-05-24 09:30:34,24.05.2021 12:21:50,17.1,53.5,15.95,0.0,203.3,71.2,25.1,208641,1
2021-05-24 13:06:29,24.05.2021 15:54:38,19.7,39.0,18.65,0.0,147.3,52.6,24.4,208788,1
2021-05-25 00:51:47,25.05.2021 05:10:40,12.2,74.5,17.15,0.05,370.9,86.0,24.0,209159,1
2021-05-25 13:32:33,25.05.2021 15:50:19,12.0,73.5,26.15,1.0,163.3,71.1,21.7,209577,1
2021-05-26 02:43:10,26.05.2021 07:10:57,9.3,80.0,15.1,0.2,371.9,83.3,20.8,209949,1
2021-05-26 07:56:49,26.05.2021 10:59:14,12.15,66.0,20.35,0.0,248.0,81.6,22.8,210197,1
2021-05-26 11:46:28,26.05.2021 13:23:37,16.55,53.5,21.75,0.0,129.5,80.0,22.0,210327,1
2021-05-27 12:29:26,27.05.2021 15:17:48,16.25,52.0,15.2,0.0,189.0,67.4,22.5,210938,1
2021-05-30 15:12:51,30.05.2021 19:48:02,14.85,65.0,17.4,0.95,296.4,64.6,28.7,211665,1
2021-05-30 23:04:05,31.05.2021 01:21:40,10.1,77.0,9.5,0.0,170.8,74.5,22.5,212044,1
2021-05-31 15:41:41,31.05.2021 18:41:24,19.0,42.0,10.9,0.0,252.0,84.1,22.4,212499,1
2021-05-31 19:25:31,31.05.2021 23:11:52,13.4,60.5,7.25,0.0,295.1,78.2,22.2,212794,1
2021-06-06 12:36:28,06.06.2021 17:12:47,22.9,45.5,8.95,0.0,365.8,79.4,25.2,213612,1
2021-06-06 20:29:45,06.06.2021 22:45:29,20.2,59.0,8.05,0.0,147.6,65.2,20.3,213952,1
2021-06-07 07:38:53,07.06.2021 11:45:02,16.55,71.0,7.6,0.0,352.6,85.9,21.3,214305,1
2021-06-07 16:44:56,07.06.2021 18:32:55,20.7,66.0,9.0,0.0,115.0,63.9,25.7,214560,1
2021-06-08 03:23:36,08.06.2021 07:24:45,12.25,94.5,5.45,0.0,329.1,81.9,20.8,214889,1
2021-06-08 12:53:39,08.06.2021 15:08:35,18.6,65.0,11.55,0.0,172.8,76.8,22.3,215371,1
2021-06-09 03:43:17,09.06.2021 07:16:34,13.25,89.5,7.949999999999999,0.25,283.8,79.8,19.4,215655,1
2021-06-09 11:32:13,09.06.2021 15:55:14,23.0,48.0,4.3,0.0,349.5,79.7,22.9,216037,1
2021-06-10 04:30:00,10.06.2021 06:27:41,12.8,92.0,5.0,0.0,169.5,86.4,24.2,216440,1
2021-06-14 04:12:51,14.06.2021 08:20:05,11.0,86.0,13.1,0.0,331.1,80.4,24.3,217203,1
2021-06-14 09:03:22,14.06.2021 11:57:22,19.2,54.5,7.6,0.0,243.1,83.8,22.0,217447,1
2021-06-15 01:15:46,15.06.2021 05:08:31,17.1,79.0,1.1,0.0,336.2,86.7,22.3,217973,1
2021-06-15 12:32:24,15.06.2021 14:34:20,22.1,62.5,10.8,0.0,135.5,66.7,26.2,218332,1
2021-06-16 02:00:35,16.06.2021 05:29:51,14.6,86.5,6.75,0.0,293.7,84.2,21.6,218625,1
2021-06-16 11:41:20,16.06.2021 16:53:24,25.450000000000003,57.5,8.75,0.0,285.2,54.8,24.5,218996,1
2021-06-17 03:02:51,17.06.2021 06:43:43,17.3,78.5,8.45,0.0,316.4,86.0,22.0,219313,1
2021-06-17 07:44:51,17.06.2021 12:11:58,22.8,64.5,9.15,0.0,0.0,0.0,0.0,0,1
2021-06-21 04:33:57,21.06.2021 09:09:27,21.05,74.5,12.4,0.0,365.6,79.6,21.9,220344,2
2021-06-23 12:19:02,23.06.2021 16:19:27,22.7,68.5,3.8,0.0,254.5,63.5,20.6,221541,2
2021-06-23 17:11:52,23.06.2021 20:08:21,21.55,65.0,10.4,0.25,208.7,71.0,22.0,221750,2
2021-06-24 08:29:00,24.06.2021 12:41:34,17.4,87.0,8.899999999999999,0.65,301.6,71.6,21.9,222052,2
2021-06-25 13:25:00,25.06.2021 15:03:10,20.75,48.5,6.949999999999999,0.0,126.3,77.2,20.2,222617,2
2021-06-25 15:46:11,25.06.2021 19:50:22,21.950000000000003,53.0,4.2,0.45,303.5,74.6,19.6,222920,2
2021-06-28 13:19:26,28.06.2021 19:01:17,24.55,49.0,9.15,0.05,385.5,67.7,25.9,224082,2
2021-06-28 19:45:23,28.06.2021 22:22:46,24.15,53.5,5.95,0.0,208.7,79.6,21.8,224291,2
2021-06-29 07:16:28,29.06.2021 12:12:52,22.0,70.0,10.65,0.35,264.3,53.5,23.1,224555,2
2021-06-29 18:09:51,29.06.2021 21:39:31,22.95,64.5,5.25,0.0,270.5,77.4,27.7,224868,2
2021-06-30 06:33:25,30.06.2021 10:52:21,20.5,82.5,14.05,0.2,363.5,84.2,28.2,225231,2
2021-07-05 04:12:30,05.07.2021 07:58:33,16.049999999999997,98.0,3.1,0.0,294.6,78.2,21.2,225774,2
2021-07-05 13:57:36,05.07.2021 16:00:56,20.9,74.5,12.0,0.05,100.9,49.1,23.8,226176,2
2021-07-06 08:51:54,06.07.2021 11:13:10,22.0,72.0,14.4,0.0,144.9,61.5,22.1,226742,2
2021-07-06 12:46:14,06.07.2021 14:34:48,22.4,74.0,16.1,0.2,131.7,72.8,22.4,226874,2
2021-07-07 07:09:11,07.07.2021 10:01:03,18.55,83.5,6.75,1.15,214.5,74.9,20.7,227475,2
2021-07-21 09:50:33,21.07.2021 12:57:23,18.6,75.0,14.8,0.1,227.0,72.9,24.9,232309,2
2021-07-23 02:53:32,23.07.2021 04:53:17,17.6,80.0,5.05,0.0,153.2,76.8,19.6,233223,2
2021-07-26 04:19:00,26.07.2021 08:35:52,18.8,82.5,10.95,0.0,285.6,66.7,26.3,233925,2
2021-07-26 09:37:05,26.07.2021 12:58:16,23.45,69.0,9.65,0.0,277.8,82.8,21.8,234203,2
2021-07-26 13:43:22,26.07.2021 15:22:02,26.4,62.0,8.9,0.0,115.4,70.2,26.0,234319,2
2021-07-28 03:06:24,28.07.2021 07:43:40,16.2,93.0,9.25,0.4,393.3,85.1,24.4,235393,2
2021-07-28 08:26:40,28.07.2021 10:20:13,21.25,77.5,7.050000000000001,0.1,159.9,84.5,21.6,235553,2
2021-07-28 11:03:35,28.07.2021 14:22:19,27.3,53.0,7.65,0.15,286.3,86.4,20.3,235840,2
2021-07-29 03:58:48,29.07.2021 06:38:25,18.45,93.0,13.45,0.0,203.6,76.5,22.6,236043,2
2021-07-29 13:27:02,29.07.2021 15:42:40,25.85,47.5,14.15,0.0,128.1,56.7,32.8,236292,2
2021-08-02 13:24:32,02.08.2021 15:50:21,19.1,63.0,14.5,0.0,167.8,69.0,25.0,237146,2
2021-08-03 00:58:22,03.08.2021 05:30:08,12.45,90.0,6.5,0.0,379.8,83.9,24.5,237525,2
2021-08-03 11:54:05,03.08.2021 13:54:28,18.45,73.5,8.75,0.2,157.9,78.7,20.6,237941,2
2021-08-04 02:55:13,04.08.2021 07:04:51,14.4,92.0,10.2,0.2,364.0,87.5,20.3,238305,2
2021-08-04 07:52:57,04.08.2021 09:57:18,16.35,84.5,6.0,0.05,161.2,77.8,19.5,238466,2
2021-08-05 04:02:23,05.08.2021 06:25:02,14.35,94.0,10.75,0.1,178.1,74.9,22.7,238851,2
2021-08-09 04:17:29,09.08.2021 08:36:39,15.45,91.0,8.15,0.35,285.6,66.1,27.7,239399,2
2021-08-09 09:20:20,09.08.2021 13:31:06,20.0,58.5,12.05,0.0,276.2,66.1,25.2,239676,2
2021-08-09 14:13:23,09.08.2021 15:52:10,21.5,52.0,9.9,0.0,121.0,73.5,23.6,239797,2
2021-08-10 05:58:37,10.08.2021 08:22:00,13.8,87.5,7.550000000000001,0.0,131.0,54.8,29.0,240304,2
2021-08-11 03:05:28,11.08.2021 07:20:45,15.6,91.5,5.05,0.0,336.1,79.0,33.6,240725,2
2021-08-11 08:08:00,11.08.2021 12:37:59,19.45,75.5,6.35,0.0,299.0,66.4,28.6,241024,2
2021-08-16 04:00:05,16.08.2021 08:33:44,18.6,83.0,9.35,0.0,365.8,80.2,21.9,242266,2
2021-08-16 09:16:36,16.08.2021 11:47:38,25.8,48.5,16.4,0.0,207.9,82.6,22.6,242474,2
2021-08-16 12:30:09,16.08.2021 15:29:17,23.3,49.0,20.85,0.15,190.0,63.6,22.6,242664,2
2021-08-17 00:32:23,17.08.2021 05:01:35,13.5,85.0,9.8,0.0,391.6,87.3,24.5,243056,2
2021-08-18 13:02:18,18.08.2021 17:16:54,19.25,70.0,16.1,0.05,318.7,75.1,22.0,243609,2
2021-08-20 13:25:01,20.08.2021 15:55:46,22.75,63.0,10.95,0.0,144.5,57.5,24.6,244720,2
2021-08-22 23:43:05,23.08.2021 04:16:10,16.3,91.5,6.15,0.25,358.6,78.8,21.5,245656,2
2021-08-23 10:19:40,23.08.2021 12:52:11,16.65,91.0,13.3,0.25,155.0,61.0,20.3,246053,2
2021-08-24 10:02:24,24.08.2021 12:19:07,18.65,60.0,11.35,0.0,189.7,83.3,22.7,246462,2
2021-08-24 13:02:23,24.08.2021 17:14:49,19.4,52.0,15.85,0.0,327.0,77.7,22.0,246789,2
2021-08-30 04:38:55,30.08.2021 09:19:07,11.55,96.5,6.25,1.7,310.7,66.5,26.4,247654,2
2021-08-30 10:03:20,30.08.2021 13:00:38,15.8,84.5,6.7,0.2,250.8,84.9,21.7,247905,2
2021-08-30 13:43:57,30.08.2021 15:51:25,17.45,76.5,11.55,0.15,167.9,79.0,24.7,248073,2
2021-08-31 00:51:40,31.08.2021 05:25:54,13.65,96.0,14.6,0.45,391.5,85.7,25.3,248465,2
2021-09-01 06:49:15,01.09.2021 10:55:51,11.35,89.5,5.95,0.0,339.7,82.7,29.7,249084,2
2021-09-01 11:30:59,01.09.2021 15:54:40,17.6,67.0,10.7,0.0,366.4,83.4,27.8,249450,2
2021-09-02 14:43:37,02.09.2021 16:41:33,17.299999999999997,56.5,17.15,0.0,111.3,56.6,40.9,250130,2
2021-09-07 06:25:15,07.09.2021 09:29:50,13.65,82.0,5.4,0.0,250.5,81.4,21.0,250806,2
2021-09-07 10:14:12,07.09.2021 14:53:29,20.75,67.0,5.35,0.0,349.7,75.1,22.6,251156,2
2021-09-08 07:28:21,08.09.2021 11:23:41,15.8,84.0,7.699999999999999,0.0,317.9,81.1,19.8,251602,2
2021-09-08 14:57:19,08.09.2021 18:17:15,24.45,51.5,12.1,0.0,238.3,71.5,23.5,251864,2
2021-09-09 09:40:47,09.09.2021 14:00:04,21.1,55.5,14.45,0.0,343.8,79.6,28.2,252361,2
2021-09-13 05:28:22,13.09.2021 08:56:22,14.2,96.5,7.35,0.0,246.8,71.2,26.9,253193,2
2021-09-13 09:43:46,13.09.2021 13:00:17,18.6,85.5,7.5,0.0,251.2,76.7,22.9,253444,2
2021-09-14 01:50:29,14.09.2021 06:41:35,13.65,85.5,6.449999999999999,0.0,410.4,84.6,24.9,254029,2
2021-09-14 07:26:33,14.09.2021 09:23:54,14.0,89.0,6.5,0.0,136.1,69.6,25.7,254165,2
2021-09-15 03:44:08,15.09.2021 08:03:31,17.5,95.0,9.0,0.3,350.3,81.0,31.3,254672,2
2021-09-15 08:38:19,15.09.2021 11:49:58,19.25,84.0,6.2,0.3,238.3,74.6,26.4,254910,2
2021-09-16 03:17:33,16.09.2021 07:57:45,16.0,84.0,10.35,0.0,388.5,83.2,23.6,255381,2
2021-09-20 04:51:38,20.09.2021 09:10:39,8.7,78.5,12.85,0.0,286.1,66.3,28.0,256019,2
2021-09-20 09:54:23,20.09.2021 13:05:04,11.8,67.5,11.35,0.05,271.1,85.3,21.4,256290,2
2021-09-21 02:01:22,21.09.2021 06:32:11,10.8,77.5,6.449999999999999,0.0,366.2,81.1,25.9,256831,2
2021-09-22 13:32:57,22.09.2021 16:14:40,18.2,60.5,9.85,0.0,191.4,71.0,24.8,257645,2
2021-09-22 16:57:18,22.09.2021 19:05:38,18.6,55.0,4.3,0.0,163.7,76.5,21.7,257808,2
2021-09-23 03:59:26,23.09.2021 08:04:51,10.3,93.0,5.3,0.0,342.8,83.8,20.9,258151,3
2021-09-27 04:29:57,27.09.2021 08:41:04,10.3,85.0,10.1,0.0,285.9,68.3,26.4,258996,3
2021-09-27 09:26:56,27.09.2021 13:09:25,17.65,79.0,9.25,0.0,278.1,75.0,21.2,259274,3
2021-09-27 13:55:11,27.09.2021 16:08:45,19.55,76.5,2.95,0.05,168.1,75.5,24.4,259442,3
2021-09-28 01:05:11,28.09.2021 05:42:10,14.15,84.5,9.4,0.0,391.2,84.7,25.7,259833,3
2021-09-28 12:45:30,28.09.2021 14:10:36,17.450000000000003,56.5,4.05,0.0,113.5,80.0,23.3,260236,3
2021-09-29 03:08:04,29.09.2021 07:18:35,11.9,89.0,10.0,0.0,363.2,87.0,29.6,260599,3
2021-09-30 06:32:00,30.09.2021 10:09:16,10.6,87.5,10.5,0.0,305.3,84.3,22.8,261250,3
2021-09-30 14:56:55,30.09.2021 18:30:03,13.0,82.5,8.05,0.3,196.0,55.2,24.5,261498,3
2021-10-03 10:48:39,03.10.2021 14:52:19,16.55,61.0,21.05,0.0,310.7,76.5,28.5,261895,3
2021-10-03 15:35:51,03.10.2021 19:09:45,18.65,59.5,17.3,0.0,252.3,70.8,24.4,262147,3
2021-10-04 04:05:14,04.10.2021 08:34:34,12.1,93.5,8.7,0.0,382.0,85.1,24.1,262529,3
2021-10-05 09:01:42,05.10.2021 13:28:22,12.2,85.0,9.6,0.65,352.0,79.2,19.9,263387,3
2021-10-05 14:11:07,05.10.2021 18:56:32,18.1,68.0,15.3,0.15,366.0,76.9,20.6,263753,3
2021-10-06 05:40:39,06.10.2021 09:33:45,12.65,79.5,12.95,0.0,324.9,83.6,19.9,264078,3
2021-10-11 05:16:47,11.10.2021 09:22:05,0.55,86.0,7.0,0.0,295.8,72.4,28.1,264710,3
2021-10-11 10:05:21,11.10.2021 13:24:21,10.4,70.0,10.8,0.0,280.5,84.6,26.6,264991,3
2021-10-11 14:06:17,11.10.2021 16:46:32,12.9,62.5,14.05,0.0,134.9,50.5,28.9,265126,3
2021-10-12 01:44:02,12.10.2021 06:05:14,7.75,94.0,13.4,0.0,341.7,78.5,25.9,265467,3
2021-10-12 14:07:21,12.10.2021 16:41:49,10.15,90.5,15.15,1.15,202.8,78.8,22.9,265740,3
2021-10-13 04:44:17,13.10.2021 06:45:42,5.550000000000001,87.5,12.35,0.0,168.1,83.1,22.3,266122,3
2021-10-13 07:30:07,13.10.2021 12:19:54,5.199999999999999,91.5,13.1,0.0,380.9,78.9,23.4,266503,3
2021-10-14 08:47:18,14.10.2021 11:31:26,6.1,85.0,9.3,0.0,171.0,62.5,24.0,266751,3
2021-10-14 12:14:35,14.10.2021 14:40:42,9.85,57.0,12.35,0.0,160.4,65.9,25.2,266912,3
2021-10-19 19:38:20,19.10.2021 23:33:37,10.5,80.0,13.95,0.0,307.7,78.5,27.5,267303,3
2021-10-20 00:21:17,20.10.2021 03:19:48,13.3,73.0,19.450000000000003,0.0,244.2,82.1,24.8,267548,3
2021-10-20 12:04:14,20.10.2021 16:44:53,18.6,62.0,22.6,0.05,387.2,82.8,26.6,267935,3
2021-10-20 17:27:44,20.10.2021 21:14:43,16.75,81.0,20.2,0.55,312.0,82.5,28.0,268247,3
2021-10-21 10:07:26,21.10.2021 14:35:46,11.7,72.5,27.4,0.1,349.5,78.1,23.6,268603,3
2021-10-21 15:19:24,21.10.2021 19:41:25,13.6,52.0,27.7,0.0,350.3,80.2,22.1,268953,3
2021-10-22 04:46:09,22.10.2021 09:05:02,5.95,71.5,24.950000000000003,0.0,370.9,86.0,20.1,269324,3
2021-10-22 15:37:49,22.10.2021 17:54:17,9.95,53.0,28.45,0.0,114.1,50.2,42.1,269609,3
2021-10-25 18:46:05,25.10.2021 23:01:14,6.699999999999999,65.5,14.5,0.0,311.2,73.2,27.2,270107,3
2021-10-25 23:47:34,26.10.2021 02:36:58,6.45,64.0,16.8,0.0,244.2,86.5,23.5,270351,3
2021-10-26 11:38:20,26.10.2021 16:12:06,12.8,70.5,12.7,0.05,387.4,84.9,25.2,270739,3
2021-10-26 16:56:11,26.10.2021 20:43:46,13.1,75.5,13.35,0.0,304.0,80.1,26.8,271043,3
2021-10-27 10:34:44,27.10.2021 14:46:15,11.7,84.5,6.65,0.0,347.1,82.8,30.0,271456,3
2021-10-27 15:29:34,27.10.2021 19:52:44,13.45,75.0,7.5,0.0,370.0,84.4,27.0,271826,3
2021-10-28 07:07:15,28.10.2021 09:30:16,7.25,93.5,10.2,0.0,208.8,87.6,25.4,272187,3
2021-10-28 10:00:24,28.10.2021 11:58:36,12.8,77.0,9.15,0.0,108.3,55.0,29.1,272295,3
2021-10-28 13:50:58,28.10.2021 16:26:25,13.95,71.5,6.4,0.0,147.3,56.9,32.2,272463,3
2021-11-04 04:09:43,04.11.2021 08:38:14,6.7,97.0,12.25,0.0,365.3,81.6,25.0,274124,3
2021-11-07 15:26:42,07.11.2021 19:55:37,8.399999999999999,70.5,18.8,0.0,310.2,69.2,31.3,275166,3
2021-11-07 20:29:35,07.11.2021 23:35:51,6.699999999999999,89.0,19.0,0.05,245.2,79.0,25.1,275411,3
2021-11-08 08:31:36,08.11.2021 13:04:09,5.4,93.5,11.1,0.05,387.6,85.3,27.2,275798,3
2021-11-09 14:00:09,09.11.2021 18:13:27,10.3,62.5,9.1,0.0,350.4,83.0,23.7,276450,3
2021-11-10 06:04:35,10.11.2021 10:35:19,1.9,95.0,8.85,0.0,356.2,78.9,24.4,276978,3
2021-11-14 16:55:05,14.11.2021 21:23:19,4.95,87.5,5.2,0.0,332.3,74.3,25.7,277610,3
2021-11-15 11:01:09,15.11.2021 13:27:01,7.15,78.5,13.3,0.0,190.8,78.5,21.8,278058,3
2021-11-15 14:10:13,15.11.2021 17:27:53,8.9,73.0,10.6,0.0,200.6,60.9,23.7,278259,3
2021-11-16 13:48:31,16.11.2021 17:21:59,6.85,79.0,3.2,0.0,220.4,61.9,29.5,278919,3
2021-11-17 02:42:27,17.11.2021 06:56:54,5.7,91.0,5.6,0.0,364.2,85.9,27.3,279283,3
2021-11-17 07:41:35,17.11.2021 09:57:25,4.25,90.5,6.8,0.0,189.0,83.5,23.3,279472,3
2021-11-17 10:45:43,17.11.2021 14:25:39,6.4,81.5,15.5,0.0,277.9,75.8,22.7,279750,3
2021-11-22 03:57:18,22.11.2021 08:09:38,5.15,96.0,7.0,0.05,332.3,79.0,23.6,280403,3
2021-11-22 13:22:08,22.11.2021 14:53:38,5.8,77.0,13.5,0.0,121.7,79.8,28.3,280748,3
2021-11-23 00:21:38,23.11.2021 04:39:49,0.5,87.5,11.55,0.0,359.4,83.5,24.8,281107,3
2021-11-24 11:15:36,24.11.2021 15:43:41,3.1,87.0,6.3500000000000005,0.0,378.2,84.6,21.0,281841,3
2021-11-25 06:23:08,25.11.2021 10:37:45,0.5499999999999999,90.5,11.2,0.0,338.1,79.7,21.4,282580,3
2021-11-28 14:26:16,28.11.2021 18:40:10,2.15,94.5,9.45,0.45,297.0,70.2,27.9,283182,3
2021-11-28 22:15:04,29.11.2021 00:18:08,-0.1,95.0,8.9,0.0,170.9,83.3,23.1,283549,3
2021-11-29 14:22:10,29.11.2021 15:50:37,3.35,82.0,12.55,0.0,112.5,76.3,25.8,284048,3
2021-11-30 15:33:36,30.11.2021 17:26:58,5.25,93.5,26.5,0.5,123.9,65.6,23.0,284462,3
2021-12-01 02:55:44,01.12.2021 07:11:53,4.5,94.0,22.7,0.4,367.8,86.2,26.4,284829,3
2021-12-01 09:18:03,01.12.2021 12:03:59,3.9,90.0,24.65,0.3,198.4,71.7,23.4,285124,3
2021-12-02 02:26:15,02.12.2021 06:59:00,6.1,82.5,24.700000000000003,0.0,366.5,80.6,21.1,285583,3
2021-12-02 11:22:52,02.12.2021 13:01:53,6.5,69.0,26.1,0.0,126.4,76.6,24.5,285842,3
2021-12-06 06:00:44,06.12.2021 10:22:59,-0.8,96.0,8.25,0.15,284.4,65.1,26.7,286436,3
2021-12-06 13:29:28,06.12.2021 16:15:32,2.15,84.0,11.5,0.1,228.3,82.5,22.8,286796,3
2021-12-13 16:50:01,13.12.2021 20:14:48,1.6,99.0,4.75,0.0,280.9,82.3,23.7,289312,3
2021-12-14 05:06:20,14.12.2021 10:16:57,4.45,99.5,9.1,0.0,332.8,64.3,24.0,289645,3
2021-12-14 10:59:24,14.12.2021 16:10:11,5.7,95.0,8.6,0.0,310.0,59.8,27.6,289955,3
2021-12-15 15:36:11,15.12.2021 20:04:50,7.55,91.5,8.2,0.0,358.2,80.0,21.4,290610,3
2021-12-16 06:55:40,16.12.2021 08:36:13,6.9,97.0,16.5,0.0,140.6,83.9,22.8,290899,3
2021-12-19 08:38:19,19.12.2021 13:22:40,4.3,95.0,25.15,0.1,367.5,77.5,29.4,291851,3
2021-12-19 13:56:30,19.12.2021 16:27:05,5.25,91.5,24.6,0.0,208.9,83.2,27.8,292060,3
2021-12-20 01:20:26,20.12.2021 05:50:05,2.85,89.0,12.95,0.0,378.8,84.3,23.2,292439,3
2021-12-20 06:32:23,20.12.2021 08:57:42,1.75,93.0,6.1,0.0,174.3,72.0,23.2,292613,3
2021-12-20 11:14:37,20.12.2021 13:33:38,2.1,79.0,10.2,0.0,137.2,59.2,22.6,292751,3
2021-12-21 01:45:55,21.12.2021 06:15:38,-2.2,88.5,5.300000000000001,0.0,375.0,83.4,22.4,293127,4
2021-12-21 07:02:26,21.12.2021 11:38:22,-4.2,90.5,6.15,0.0,384.0,83.5,20.4,293511,4
2022-01-24 03:22:05,24.01.2022 07:49:43,-3.05,80.0,6.9,0.0,309.5,69.4,26.0,294595,4
2022-01-24 08:32:25,24.01.2022 12:33:38,0.4499999999999999,93.5,5.85,0.05,244.1,60.7,24.0,294839,4
2022-01-24 13:29:09,24.01.2022 15:30:38,4.2,87.0,5.35,0.05,173.8,85.8,24.5,295013,4
2022-01-26 00:25:14,26.01.2022 04:56:45,1.05,90.5,4.95,0.0,393.9,87.0,24.1,296107,4
2022-01-31 03:26:42,31.01.2022 08:00:42,0.1999999999999999,73.0,26.2,0.0,357.2,78.2,27.6,297337,4
2022-01-31 08:45:21,31.01.2022 13:11:01,1.0,81.0,11.75,0.0,348.4,78.7,22.8,297686,4
2022-02-01 01:58:58,01.02.2022 06:38:30,2.95,87.5,17.75,0.0,406.9,87.3,24.5,298187,4
2022-02-02 05:35:12,02.02.2022 09:59:25,2.55,89.0,2.4,0.25,387.2,87.9,22.6,299320,4
2022-02-02 18:55:23,02.02.2022 23:29:37,1.65,92.5,4.3,0.2,392.2,85.8,24.5,299713,4
2022-02-07 03:47:43,07.02.2022 07:44:03,3.2,90.0,16.8,0.2,295.6,75.0,25.0,300446,4
2022-02-07 14:20:11,07.02.2022 16:02:50,7.0,61.0,22.35,0.05,141.4,82.6,24.0,300924,4
2022-02-08 01:57:54,08.02.2022 06:28:01,2.6,79.0,14.0,0.0,376.1,83.5,25.1,301300,4
2022-02-08 12:05:53,08.02.2022 15:20:15,6.0,85.0,18.85,0.05,267.6,82.6,22.8,301725,4
2022-02-09 00:18:17,09.02.2022 04:33:04,6.9,89.0,15.6,0.0,365.1,86.0,23.6,302090,4
2022-02-11 15:06:37,11.02.2022 18:49:36,2.1,95.5,18.15,0.95,286.4,77.1,27.1,303512,4
2022-02-13 10:01:58,13.02.2022 14:29:25,3.15,58.5,15.55,0.0,357.1,80.1,26.5,303931,4
2022-02-13 15:13:23,13.02.2022 17:04:46,5.300000000000001,63.5,13.6,0.0,151.8,81.8,24.4,304083,4
2022-02-14 02:01:48,14.02.2022 06:11:23,4.3,66.5,19.15,0.0,349.1,83.9,22.6,304432,4
2022-02-16 08:38:53,16.02.2022 11:07:36,3.85,82.5,18.6,0.0,192.5,77.7,24.4,305888,4
2022-02-21 03:20:27,21.02.2022 07:44:39,6.7,81.0,27.6,0.5,302.6,68.7,29.4,306381,4
2022-02-22 04:00:33,22.02.2022 07:11:54,3.3,85.0,25.25,0.1,266.2,83.5,26.9,307124,4
2022-02-22 15:17:58,22.02.2022 18:50:55,6.5,62.0,24.6,0.0,299.5,84.4,24.0,307516,4
2022-02-23 09:09:18,23.02.2022 13:34:17,5.1,81.5,29.9,0.1,364.3,82.5,24.4,308277,4
2022-02-24 10:31:33,24.02.2022 12:45:43,6.449999999999999,66.5,15.6,0.0,123.1,55.1,28.8,308573,4
2022-02-28 03:15:32,28.02.2022 07:34:07,-2.4,78.5,11.1,0.0,302.4,70.2,26.3,309110,4
2022-02-28 08:18:50,28.02.2022 12:42:53,-1.0,79.0,13.5,0.0,365.4,83.0,22.3,309476,4
2022-03-02 02:01:42,02.03.2022 06:20:48,0.6499999999999999,72.0,6.550000000000001,0.0,367.9,85.2,26.4,310550,4
2022-03-02 15:44:21,02.03.2022 20:08:09,3.2,56.5,7.25,0.0,286.9,65.3,22.8,311216,4
2022-03-07 04:18:36,07.03.2022 08:47:47,-2.7,81.5,10.4,0.0,302.3,67.4,26.5,311648,4
2022-03-07 09:31:20,07.03.2022 13:29:33,1.4,63.0,14.9,0.0,281.1,70.8,26.1,311929,4
2022-03-08 13:52:44,08.03.2022 17:39:46,6.85,51.5,11.2,0.0,289.0,76.4,24.7,312855,4
2022-03-16 03:01:03,16.03.2022 06:56:32,3.1,88.5,7.449999999999999,0.0,276.6,70.5,24.4,314940,4
2022-03-16 11:06:18,16.03.2022 15:14:01,10.35,66.5,11.25,0.0,292.4,70.8,23.8,315339,4
2022-03-17 01:42:52,17.03.2022 04:22:35,1.2,89.5,6.7,0.0,215.7,81.0,24.6,315657,4
2022-03-21 03:17:19,21.03.2022 07:33:46,-1.25,63.0,7.4,0.0,309.6,72.4,25.5,316393,1
2022-03-21 11:53:02,21.03.2022 13:15:27,13.3,51.0,4.0,0.0,102.0,74.3,24.0,316758,1
2022-03-23 13:22:34,23.03.2022 16:30:10,16.05,39.0,2.95,0.0,226.5,72.4,27.4,317945,1
2022-03-23 22:16:55,24.03.2022 00:23:18,7.0,61.0,8.85,0.0,177.9,84.5,20.8,318495,1
2022-03-24 11:11:56,24.03.2022 13:06:47,10.0,49.5,14.15,0.0,125.5,65.6,22.3,319024,1
2022-03-27 14:24:13,27.03.2022 17:26:30,13.3,46.5,5.699999999999999,0.0,240.6,79.2,21.8,319595,1
2022-03-28 02:24:16,28.03.2022 06:29:11,6.3,94.5,6.550000000000001,0.0,346.8,85.0,24.9,319942,1
2022-03-28 07:24:49,28.03.2022 10:39:11,6.5,95.0,4.7,0.0,236.0,72.9,23.9,320178,1
2022-03-29 08:34:27,29.03.2022 10:52:02,8.4,78.5,9.4,0.0,189.9,82.8,24.7,320873,1
2022-03-30 13:12:01,30.03.2022 15:07:42,9.0,49.0,10.65,0.0,124.5,64.6,26.1,321559,1
2022-04-04 20:31:38,05.04.2022 01:12:29,2.05,73.0,29.95,0.25,345.0,73.7,26.8,321968,1
2022-04-05 15:19:53,05.04.2022 19:30:37,7.699999999999999,75.0,20.950000000000003,0.0,318.9,76.3,22.7,322624,1
2022-04-06 13:55:34,06.04.2022 17:36:15,10.55,68.5,27.9,0.1,153.3,41.7,27.7,323141,1
2022-04-07 12:27:28,07.04.2022 16:46:28,11.2,72.0,39.0,0.15,317.2,73.5,23.5,323554,1
2022-04-08 13:41:44,08.04.2022 16:01:37,9.95,65.0,24.55,0.15,180.0,77.2,23.3,324635,1
2022-04-11 03:18:52,11.04.2022 07:29:11,0.55,93.5,11.25,0.0,302.1,72.4,25.2,324941,1
2022-04-14 04:18:26,14.04.2022 06:19:58,4.45,85.5,8.65,0.0,141.4,69.8,22.3,326983,1
2022-04-14 07:41:46,14.04.2022 10:47:01,11.65,64.0,6.199999999999999,0.0,208.7,67.6,23.2,327192,1
2022-04-19 03:18:18,19.04.2022 07:35:53,1.7,83.5,8.8,0.1,309.7,72.1,26.0,327791,1
2022-04-19 08:23:00,19.04.2022 12:46:35,7.65,68.5,10.6,0.1,312.6,71.2,23.5,328104,1
2022-04-20 01:01:03,20.04.2022 05:29:47,4.45,72.0,8.15,0.0,373.3,83.3,26.8,328538,1
2022-04-21 00:10:19,21.04.2022 04:28:53,8.6,73.0,8.7,0.0,372.3,86.4,24.2,329214,1
2022-04-25 03:49:04,25.04.2022 08:16:38,6.35,94.5,13.15,0.1,357.0,80.1,24.5,330692,1
2022-04-25 09:02:01,25.04.2022 13:17:32,8.6,76.0,15.65,0.05,348.6,81.9,23.2,331041,1
2022-04-26 02:59:52,26.04.2022 06:46:39,7.1,90.5,4.05,0.35,283.2,74.9,22.4,331419,1
2022-04-26 13:24:56,26.04.2022 17:36:40,12.0,65.5,11.75,0.05,350.5,83.5,21.0,331782,1
2022-04-27 02:35:25,27.04.2022 06:35:08,5.55,88.5,6.35,0.0,345.6,86.5,23.0,332127,1
2022-05-10 03:03:59,10.05.2022 07:07:15,7.1,71.5,8.3,0.0,301.9,74.5,23.8,333081,1
2022-05-10 11:06:01,10.05.2022 14:40:20,22.0,47.5,7.85,0.0,288.8,80.9,21.5,333476,1
2022-05-12 01:19:10,12.05.2022 05:45:05,18.55,60.0,14.25,0.0,387.5,87.4,26.2,334593,1
2022-05-16 10:11:37,16.05.2022 14:28:48,19.95,39.0,9.0,0.0,349.2,81.5,21.3,336229,1
2022-05-17 15:52:00,17.05.2022 18:01:09,22.75,52.5,8.6,0.2,175.8,81.7,21.9,336808,1
2022-05-19 10:47:11,19.05.2022 12:27:51,19.2,33.0,10.4,0.0,106.2,63.3,24.0,337918,1
2022-05-25 13:29:37,25.05.2022 17:42:06,18.45,46.0,19.5,0.0,269.4,64.0,20.0,340036,1
2022-05-25 18:23:59,25.05.2022 21:17:30,18.3,50.0,9.9,0.0,191.3,66.1,20.4,340228,1
2022-05-26 21:43:09,27.05.2022 02:14:27,16.35,59.0,11.65,0.0,381.8,84.4,19.8,340609,1
2022-05-31 01:38:24,31.05.2022 06:11:02,7.35,85.5,16.85,0.0,386.6,85.1,21.5,341893,1
2022-05-31 07:02:46,31.05.2022 09:39:05,11.7,70.0,13.85,0.0,216.4,83.1,20.3,342110,1
2022-06-01 11:47:42,01.06.2022 15:52:39,16.65,57.5,6.0,0.15,313.8,76.9,21.8,342517,1
2022-06-01 16:36:55,01.06.2022 20:13:11,17.45,54.0,6.0,0.5,305.2,84.7,22.0,342823,1
2022-06-06 19:04:09,06.06.2022 22:02:57,19.8,69.5,6.65,0.05,213.4,71.6,23.4,343729,1
2022-06-13 09:17:01,13.06.2022 13:52:30,18.5,64.5,15.35,0.45,313.2,68.2,24.4,345756,1
2022-06-14 00:48:22,14.06.2022 05:12:45,13.3,72.0,6.4,0.0,344.2,78.1,24.0,346100,1
2022-06-14 12:56:53,14.06.2022 14:49:08,21.55,41.0,6.0,0.0,121.0,64.7,26.4,346493,1
2022-06-14 23:52:01,15.06.2022 04:18:13,15.0,64.5,9.2,0.0,382.8,86.3,24.3,346876,1
2022-06-15 05:01:31,15.06.2022 06:29:29,12.05,79.0,7.35,0.0,123.4,84.2,21.1,346999,1
2022-06-15 22:08:48,16.06.2022 02:47:50,17.1,59.0,10.2,0.0,343.9,73.9,22.4,347403,1
2022-06-16 03:37:21,16.06.2022 07:46:15,11.25,80.5,6.9,0.0,337.0,81.2,22.1,347740,1
2022-06-17 09:30:40,17.06.2022 11:25:26,18.7,56.5,14.0,0.0,100.7,52.6,21.8,347944,1
2022-06-21 19:53:02,21.06.2022 23:11:10,17.9,53.0,8.8,0.0,253.4,76.7,21.3,348687,2
2022-06-22 12:00:03,22.06.2022 16:06:43,23.4,50.0,6.2,0.0,315.0,76.6,24.8,349154,2
2022-06-24 03:57:18,24.06.2022 08:32:20,19.5,76.0,8.9,0.25,351.3,76.6,24.6,349661,2
2022-06-29 11:39:33,29.06.2022 16:10:41,23.4,62.0,5.75,0.0,287.3,63.6,23.3,352128,2
2022-07-06 15:54:26,06.07.2022 17:55:03,19.450000000000003,42.5,18.6,0.0,163.2,81.2,25.4,354982,2
2022-07-11 01:27:57,11.07.2022 06:14:25,12.1,80.0,12.4,0.0,302.5,63.4,27.4,355889,2
2022-07-12 01:05:38,12.07.2022 04:51:30,14.25,88.5,8.1,0.0,311.4,82.7,27.6,356615,2
2022-07-14 04:57:32,14.07.2022 06:28:28,20.05,66.5,6.550000000000001,0.0,109.2,72.1,20.6,357752,2
2022-07-14 07:33:24,14.07.2022 11:03:31,20.85,65.5,11.25,0.0,277.3,79.2,20.4,358030,2
2022-07-18 03:14:15,18.07.2022 07:34:16,11.2,78.0,7.65,0.0,302.0,69.7,23.0,358832,2
2022-07-19 01:31:30,19.07.2022 05:51:09,19.4,59.0,6.7,0.0,370.3,85.6,22.4,359577,2
2022-07-19 13:51:13,19.07.2022 16:09:02,34.4,25.0,9.4,0.0,180.6,78.6,22.4,359909,2
2022-07-20 18:32:47,20.07.2022 21:33:50,28.8,43.0,8.75,0.0,227.3,75.3,21.1,360852,2
2022-08-02 11:16:32,02.08.2022 15:38:17,26.25,41.5,3.3000000000000003,0.0,339.5,77.8,21.9,362117,2
2022-08-08 05:12:45,08.08.2022 09:48:52,14.15,78.0,7.6,0.0,288.3,62.6,24.8,363414,2
2022-08-09 12:41:40,09.08.2022 16:24:40,25.9,36.5,11.35,0.0,264.4,71.1,22.9,364309,2
2022-08-16 15:25:36,16.08.2022 20:02:34,25.5,66.0,7.7,0.0,313.7,68.0,22.3,365507,2
2022-08-16 22:58:38,17.08.2022 00:34:56,22.1,73.5,13.85,0.15,128.5,80.1,21.8,365808,2
2022-08-17 15:10:37,17.08.2022 19:30:54,26.95,52.0,9.45,0.0,300.2,69.2,23.3,366353,2
2022-08-24 02:09:50,24.08.2022 06:03:49,18.4,72.0,5.9,0.0,332.0,85.1,22.4,368659,2
2022-08-24 07:45:37,24.08.2022 10:41:43,19.05,93.0,5.5,0.05,250.8,85.5,19.1,368965,2
2022-08-29 05:12:13,29.08.2022 09:27:16,17.95,91.5,14.95,0.05,304.4,71.6,24.3,369816,2
2022-08-29 15:05:20,29.08.2022 16:44:53,22.450000000000003,39.0,7.050000000000001,0.0,127.7,77.0,21.5,370279,2
2022-08-31 02:56:00,31.08.2022 07:24:45,15.3,77.0,10.7,0.0,375.4,83.8,24.8,371347,2
2022-08-31 08:05:19,31.08.2022 09:52:55,17.450000000000003,65.5,11.95,0.05,127.8,71.3,25.4,371474,2
2022-08-31 17:20:48,31.08.2022 20:42:21,18.25,48.5,7.15,0.0,215.6,64.2,30.4,371881,2
2022-09-04 10:23:13,04.09.2022 14:01:31,20.0,65.5,8.350000000000001,0.05,254.7,70.0,20.2,372466,2
2022-09-04 23:00:37,05.09.2022 03:11:38,19.25,70.5,3.95,0.0,357.9,85.5,23.9,372824,2
2022-09-05 04:15:00,05.09.2022 08:00:45,13.55,90.0,6.6,0.0,273.3,72.6,21.6,373097,2
2022-09-06 03:05:58,06.09.2022 05:34:09,17.9,70.0,8.899999999999999,0.0,190.5,77.1,22.3,373388,2
2022-09-06 11:54:41,06.09.2022 13:23:50,24.75,61.5,11.45,0.5,109.7,73.8,25.1,373724,2
2022-09-12 06:03:05,12.09.2022 10:40:48,11.3,81.0,17.799999999999997,0.0,332.3,71.8,25.1,374851,2
2022-09-12 11:25:39,12.09.2022 15:38:43,18.3,56.5,8.8,0.0,339.6,80.5,22.5,375191,2
2022-09-13 01:18:49,13.09.2022 05:20:01,14.05,80.0,8.05,0.0,321.3,79.9,23.5,375512,2
2022-09-13 06:05:14,13.09.2022 08:23:30,14.1,84.0,7.35,1.1,187.6,81.4,23.5,375699,2
2022-09-13 13:20:17,13.09.2022 16:01:10,23.4,60.0,8.6,0.0,186.7,69.6,23.6,375933,2
2022-09-14 01:20:40,14.09.2022 06:03:14,15.3,75.0,4.85,0.3,357.0,75.8,23.8,376290,2
2022-09-14 10:51:05,14.09.2022 13:51:39,16.2,81.0,6.300000000000001,0.55,238.2,79.2,27.5,376711,2
2022-09-14 22:59:57,15.09.2022 03:42:24,14.05,90.0,6.6,1.2,406.3,86.3,26.2,377117,2
2022-09-16 16:40:37,16.09.2022 18:44:07,14.95,62.0,12.8,0.0,136.1,66.1,22.8,377618,2
2022-09-19 05:34:09,19.09.2022 10:19:42,7.15,92.0,14.55,0.05,312.6,65.7,24.6,377934,2
2022-09-19 11:06:16,19.09.2022 15:33:50,12.15,72.0,19.7,0.1,327.8,73.5,23.2,378261,2
2022-09-20 02:33:28,20.09.2022 06:40:40,9.05,89.5,10.05,0.0,360.7,87.5,25.6,378622,2
2022-09-20 07:26:30,20.09.2022 10:22:20,9.95,87.5,10.8,0.05,229.2,78.2,22.7,378851,2
2022-09-22 13:53:12,22.09.2022 18:01:09,16.65,48.0,8.100000000000001,0.0,329.4,79.7,29.4,379985,2
2022-09-23 11:06:49,23.09.2022 15:53:23,13.95,55.0,8.0,0.0,377.1,79.0,23.9,380752,3
2022-09-24 03:41:19,24.09.2022 05:20:45,4.65,94.0,6.25,0.0,118.3,71.4,21.6,380948,3
2022-09-28 07:50:16,28.09.2022 12:14:22,9.4,91.0,12.2,0.0,288.8,65.6,27.4,381241,3
2022-09-28 12:55:38,28.09.2022 17:27:59,12.3,65.0,14.9,0.7,379.6,83.6,23.3,381621,3
2022-10-01 01:52:13,01.10.2022 06:14:28,7.7,94.5,6.6,0.0,365.3,83.6,23.8,382827,3
2022-10-05 04:13:18,05.10.2022 07:54:31,8.65,86.0,13.9,0.0,292.2,79.3,23.6,383290,3
2022-10-05 08:29:38,05.10.2022 13:01:12,12.7,77.5,15.55,0.0,373.3,82.5,24.2,383663,3
2022-10-05 13:46:32,05.10.2022 17:49:47,19.700000000000003,63.0,16.450000000000003,0.0,296.8,73.2,24.1,383960,3
2022-10-06 14:38:10,06.10.2022 18:18:23,16.450000000000003,51.5,8.65,0.0,273.5,74.5,25.0,384590,3
2022-10-07 14:14:13,07.10.2022 17:31:15,19.15,66.0,8.25,0.0,182.0,55.4,25.0,385289,3
2022-10-07 21:10:23,07.10.2022 23:52:01,11.3,89.0,9.75,0.0,200.0,74.2,21.8,385604,3
2022-10-12 00:00:55,12.10.2022 04:26:45,6.5,91.0,5.800000000000001,0.0,379.7,85.7,22.3,386673,3
2022-10-13 13:43:37,13.10.2022 16:33:13,15.6,58.5,11.35,0.0,187.9,66.5,26.3,387970,3
2022-10-17 04:10:02,17.10.2022 07:37:26,11.7,87.5,13.65,0.0,241.1,69.7,24.5,388584,3
2022-10-18 01:37:15,18.10.2022 06:01:18,12.7,93.5,9.25,0.1,370.3,84.1,24.8,389362,3
2022-10-19 01:24:12,19.10.2022 06:05:04,11.2,92.5,8.35,0.0,414.8,88.6,20.6,390074,3
2022-10-20 00:20:28,20.10.2022 04:54:17,5.1,87.0,7.65,0.0,370.6,81.2,21.6,390777,3
2022-10-23 05:42:58,23.10.2022 10:20:43,11.35,97.5,11.05,0.05,358.0,77.3,26.4,391305,3
2022-10-23 11:05:35,23.10.2022 14:03:50,16.1,79.0,10.15,0.0,233.5,78.6,24.6,391538,3
2022-10-24 04:08:37,24.10.2022 07:32:28,15.05,83.5,11.5,0.0,261.2,76.9,26.4,392172,3
2022-10-24 23:54:22,25.10.2022 03:44:44,13.75,84.5,15.8,0.0,320.3,83.4,21.2,392584,3
2022-10-25 23:58:02,26.10.2022 04:35:49,9.5,96.0,9.4,0.0,372.4,80.4,21.9,393292,3
2022-10-26 05:17:24,26.10.2022 06:47:12,9.75,97.5,9.45,0.0,115.5,77.2,19.0,393408,3
2022-10-26 08:43:27,26.10.2022 11:00:11,11.3,92.5,13.55,0.0,133.0,58.4,23.3,393541,3
2022-11-03 02:42:02,03.11.2022 06:22:42,9.05,83.0,13.3,0.0,263.4,71.6,27.0,394645,3
2022-11-04 01:19:43,04.11.2022 05:42:22,11.0,90.0,18.7,0.1,367.1,83.9,21.0,395391,3
2022-11-04 06:31:33,04.11.2022 10:04:04,8.7,93.0,9.0,0.0,266.3,75.2,18.8,395658,3
2022-11-05 04:38:22,05.11.2022 06:39:30,9.45,94.0,9.65,0.35,174.2,86.3,20.7,396095,3
2022-11-08 02:51:18,08.11.2022 06:11:49,7.2,90.0,11.05,0.0,238.5,71.4,25.6,396548,3
2022-11-09 01:59:37,09.11.2022 06:26:36,9.1,73.0,12.65,0.0,364.2,81.8,26.5,397424,3
2022-11-12 02:59:19,12.11.2022 07:28:04,5.3,94.0,6.2,0.0,380.0,84.8,21.4,399229,3
2022-11-12 08:15:16,12.11.2022 12:34:58,7.25,90.5,9.2,0.0,295.1,68.2,24.9,399524,3
2022-11-21 14:53:16,21.11.2022 16:12:14,8.4,72.0,7.1,0.0,103.7,78.8,28.4,400769,3
2022-11-22 14:00:48,22.11.2022 16:09:44,6.6,84.0,6.3,0.0,166.5,77.5,25.8,401442,3
2022-11-23 01:11:35,23.11.2022 05:31:56,2.6,93.5,9.7,0.0,373.4,86.1,23.3,401816,3
2022-11-23 06:21:37,23.11.2022 09:10:32,0.3,95.0,8.2,0.0,244.2,86.7,21.1,402060,3
2022-11-28 03:51:44,28.11.2022 08:14:23,-0.7,96.0,10.1,0.0,310.5,70.9,25.3,402949,3
2022-11-28 09:00:49,28.11.2022 13:13:15,2.6,91.0,15.7,0.0,366.0,87.0,22.0,403315,3
2022-11-30 08:47:10,30.11.2022 13:18:08,5.75,95.0,5.25,0.0,324.3,71.8,27.4,404416,3
2022-11-30 15:20:01,30.11.2022 18:38:32,4.35,90.5,9.1,0.0,264.9,80.1,25.9,404714,3
2022-12-05 03:48:40,05.12.2022 08:19:08,-1.5,89.0,15.95,0.0,357.8,79.4,21.9,405766,3
2022-12-05 10:51:52,05.12.2022 14:35:52,1.1,96.5,7.1,0.35,239.6,64.2,23.2,406059,3
2022-12-06 02:05:25,06.12.2022 05:55:25,2.55,99.0,5.45,0.0,330.1,86.1,23.2,406389,3
2022-12-08 01:12:53,08.12.2022 05:25:22,-0.2,92.0,14.85,0.0,354.7,84.3,22.8,407548,3
2022-12-13 02:31:24,13.12.2022 06:39:07,-3.85,90.0,10.7,0.0,349.7,84.7,27.0,408797,3
2022-12-15 01:59:18,15.12.2022 05:36:33,-8.0,90.5,8.15,0.0,318.0,87.8,22.5,409958,3
2023-01-04 18:18:34,04.01.2023 19:51:34,4.65,81.5,22.95,0.4499999999999999,108.3,69.9,21.7,412270,4
2023-01-10 11:29:04,10.01.2023 15:32:31,5.949999999999999,83.0,17.8,0.0,347.1,85.5,19.9,413774,4
2023-01-11 01:09:25,11.01.2023 05:35:47,2.35,89.0,13.6,0.0,337.8,76.1,24.0,414112,4
2023-01-16 13:34:26,16.01.2023 17:45:13,6.0,60.0,16.05,0.0,338.7,81.0,23.0,415257,4
2023-01-17 03:00:17,17.01.2023 07:36:15,2.6,80.5,24.3,0.0,373.8,81.3,28.0,415631,4
2023-01-18 09:32:05,18.01.2023 17:53:20,-0.3,87.0,8.55,0.25,638.5,76.4,24.4,416699,4
2023-01-24 14:48:08,24.01.2023 16:31:07,2.6,81.5,11.95,0.0,129.2,75.3,28.3,418763,4
2023-01-25 01:34:01,25.01.2023 06:13:55,-0.3,90.0,6.4,0.0,395.8,84.8,23.6,419158,4
2023-01-25 06:50:23,25.01.2023 08:51:51,-0.8,93.0,6.1,0.0,150.4,74.3,21.6,419309,4
2023-01-25 12:38:58,25.01.2023 14:57:35,2.1,85.5,1.85,0.0,186.5,80.7,20.9,419534,4
2023-01-29 04:59:38,29.01.2023 09:07:33,-2.6,80.0,12.55,0.0,310.4,75.1,26.6,420290,4
2023-01-29 11:22:07,29.01.2023 13:25:52,-0.0499999999999999,69.5,8.7,0.0,165.7,80.3,24.7,420548,4
2023-01-29 22:23:12,30.01.2023 02:30:16,0.1999999999999999,83.5,18.2,0.0,359.0,87.2,27.6,420907,4
2023-01-30 03:27:55,30.01.2023 06:54:46,4.65,93.0,27.5,0.0,290.6,84.3,24.8,421197,4
2023-01-31 13:02:47,31.01.2023 16:09:39,4.2,87.0,22.4,0.0,270.9,87.0,22.5,422078,4
2023-02-01 05:32:59,01.02.2023 07:27:10,2.2,85.0,25.9,0.0,152.6,80.2,19.0,422352,4
2023-02-06 13:32:47,06.02.2023 15:35:56,1.0,66.5,10.05,0.0,173.1,84.3,19.4,423659,4
2023-02-09 03:05:27,09.02.2023 06:56:56,-4.05,77.5,13.55,0.0,326.6,84.7,25.9,425276,4
2023-02-09 10:57:05,09.02.2023 13:11:06,-1.1,65.0,11.75,0.0,103.4,46.3,32.4,425557,4
2023-02-13 03:17:35,13.02.2023 07:49:14,3.2,97.5,14.4,0.05,356.6,78.8,25.4,426223,4
2023-02-14 01:11:36,14.02.2023 05:34:47,1.75,96.0,4.15,0.0,380.2,86.7,23.9,427010,4
2023-02-15 00:21:11,15.02.2023 04:45:40,-0.4,97.0,2.2,0.0,389.0,88.2,24.3,427765,4
2023-02-15 05:43:34,15.02.2023 08:21:30,-1.4500000000000002,96.0,4.5,0.0,224.2,85.2,22.7,427990,4
2023-02-15 09:14:00,15.02.2023 11:26:16,2.8,84.5,9.65,0.0,106.8,48.4,29.5,428096,4
2023-02-19 14:07:22,19.02.2023 18:24:42,4.6,59.0,22.6,0.0,308.8,72.0,26.2,429054,4
2023-02-21 19:14:08,21.02.2023 21:07:08,7.05,81.5,13.2,0.0,129.9,69.0,25.4,430661,4
2023-02-26 13:08:07,26.02.2023 15:57:28,3.35,61.0,19.55,0.1,232.7,82.4,26.0,431922,4
2023-02-28 01:58:55,28.02.2023 06:15:36,-1.85,87.0,6.199999999999999,0.0,349.8,81.8,22.2,433020,4
2023-02-28 19:45:19,28.02.2023 21:44:59,-2.4,80.0,9.3,0.0,153.3,76.9,21.9,433393,4
2023-03-05 11:52:46,05.03.2023 16:29:41,2.15,62.5,15.4,0.05,356.8,77.3,25.8,434005,4
2023-03-05 17:13:05,05.03.2023 20:27:36,1.85,78.5,9.0,0.05,251.0,77.4,22.9,434256,4
2023-03-06 14:48:04,06.03.2023 19:11:24,3.65,75.5,12.0,0.15,364.0,82.9,22.4,435031,4
2023-03-07 04:07:48,07.03.2023 06:10:39,-0.35,91.5,14.05,0.0,142.0,69.4,29.9,435173,4
2023-03-07 14:36:06,07.03.2023 18:27:35,5.95,56.5,18.6,0.0,255.8,66.3,25.8,435694,4
2023-03-12 20:11:35,12.03.2023 23:42:09,6.050000000000001,69.0,12.4,0.1,278.8,79.4,23.9,436527,4
2023-03-14 11:51:02,14.03.2023 16:27:46,10.6,83.0,28.15,0.75,339.9,73.7,26.9,437635,4
2023-03-14 17:13:28,14.03.2023 20:07:05,7.05,75.5,24.45,0.8,251.0,86.7,23.9,437886,4
2023-03-15 10:24:08,15.03.2023 14:44:18,3.25,72.0,17.049999999999997,0.4,357.3,82.4,21.6,438644,4
2023-03-19 21:20:42,20.03.2023 00:16:51,7.7,94.0,5.9,0.0,245.8,83.7,24.6,439622,4
2023-03-22 03:39:35,22.03.2023 07:56:14,7.550000000000001,90.0,11.7,0.0,378.5,88.5,21.0,441203,1
2023-03-27 09:09:07,27.03.2023 13:56:08,3.35,76.5,24.0,0.15,364.3,76.2,26.4,442474,1
2023-03-27 14:34:05,27.03.2023 16:18:01,5.45,59.0,20.6,0.15,140.5,81.1,22.8,442615,1
2023-03-28 03:34:05,28.03.2023 07:03:58,-0.85,84.5,14.45,0.0,294.4,84.2,23.8,442909,1
2023-03-29 05:23:41,29.03.2023 08:20:28,0.8000000000000003,77.0,9.65,0.0,250.7,85.1,22.5,443588,1
2023-03-29 12:45:39,29.03.2023 15:01:25,5.699999999999999,39.5,14.65,0.0,138.8,61.3,24.5,443956,1
2023-04-04 11:49:02,04.04.2023 14:40:47,3.6,51.5,11.45,0.0,248.4,86.8,23.8,445073,1
2023-04-11 03:58:17,11.04.2023 08:36:20,3.45,95.5,9.1,0.0,356.3,76.9,21.8,447067,1
2023-04-12 03:00:37,12.04.2023 07:05:35,7.8,87.0,17.299999999999997,0.4,347.3,85.1,20.7,447696,1
2023-04-13 10:16:52,13.04.2023 14:46:01,9.2,70.0,20.1,0.1,339.8,75.7,26.6,448572,1
2023-04-24 14:53:21,24.04.2023 16:11:04,14.6,55.0,22.950000000000003,0.05,107.3,82.8,26.6,450289,1
2023-04-25 05:31:47,25.04.2023 07:15:27,5.5,82.0,14.0,0.0,132.1,76.5,26.5,450421,1
